Model,MAE,RMSE
Linear Regression,52.81871517100833,72.66298987258267
Decision Tree Regressor,45.23245102089157,68.52187099207856
