Model,Accuracy,F1
Logistic Regression,0.7651660280970626,0.7624737606975618
Decision Tree,0.7619731800766284,0.7559338680635128
